,Pregnancies,BloodPressure,BMI,Glucose
count,768.0,768.0,768.0,768.0
mean,3.8450520833333335,69.10546875,31.992578124999998,120.89453125
std,3.3695780626988694,19.355807170644777,7.884160320375446,31.97261819513622
min,0.0,0.0,0.0,0.0
25%,1.0,62.0,27.3,99.0
50%,3.0,72.0,32.0,117.0
75%,6.0,80.0,36.6,140.25
max,17.0,122.0,67.1,199.0
