,Pregnancies,Glucose,BMI,SkinThickness
count,768.0,768.0,768.0,768.0
mean,3.8450520833333335,120.89453125,31.992578124999998,20.536458333333332
std,3.3695780626988694,31.97261819513622,7.884160320375446,15.952217567727637
min,0.0,0.0,0.0,0.0
25%,1.0,99.0,27.3,0.0
50%,3.0,117.0,32.0,23.0
75%,6.0,140.25,36.6,32.0
max,17.0,199.0,67.1,99.0
